{"cameraMode":{"drawMode":0,"name":"Shaded","section":"Shading Mode"},"sceneLighting":true,"audioPlay":false,"sceneViewState":{"m_AlwaysRefresh":false,"showFog":true,"showSkybox":true,"showFlares":true,"showImageEffects":true,"showParticleSystems":true,"showVisualEffectGraphs":true,"m_FxEnabled":true},"in2DMode":false,"pivot":{"x":-5.636020183563232,"y":-5.283022880554199,"z":-103.48426818847656},"rotation":{"x":-0.03480255976319313,"y":0.0005971115315333009,"z":-0.00002067912464553956,"w":-0.9993950128555298},"size":102.31362915039063,"orthographic":false}